<?xml version="1.0" encoding="UTF-8"?>
<beans xmlns="http://www.springframework.org/schema/beans"
	xmlns:xsi="http://www.w3.org/2001/XMLSchema-instance" xmlns:security="http://www.springframework.org/schema/security"
	xmlns:webflow-config="http://www.springframework.org/schema/webflow-config"
	xsi:schemaLocation="http://www.springframework.org/schema/beans 
       http://www.springframework.org/schema/beans/spring-beans.xsd 
       http://www.springframework.org/schema/security 
       http://www.springframework.org/schema/security/spring-security.xsd
       http://www.springframework.org/schema/webflow-config 
        http://www.springframework.org/schema/webflow-config/spring-webflow-config.xsd">


	<bean id="dataSource"
		class="org.springframework.jdbc.datasource.DriverManagerDataSource">
		<property name="driverClassName" value="org.h2.Driver" />
		<property name="url" value="jdbc:h2:tcp://localhost/~/test" />
		<property name="username" value="sa" />
		<property name="password" value="" />
	</bean>

	<bean id="sessionFactory"
		class="org.springframework.orm.hibernate4.LocalSessionFactoryBean">

		<property name="dataSource" ref="dataSource"></property>
		<property name="hibernateProperties">
			<props>
				<prop key="hibernate.dialect">org.hibernate.dialect.H2Dialect</prop>

				<prop key="hibernate.hbm2ddl.auto">update</prop>

				<!-- whether the query wants to show the data in console -->
				<prop key="hibernate.show_sql">true</prop>
				<prop key="hibernate.format_sql">true</prop>

			</props>
		</property>

		<property name="annotatedClasses">
			<list>
				<value>com.model.Product</value>
				<value>com.model.Authorities</value>
				<value>com.model.BillingAddress</value>
				<value>com.model.Cart</value>
				<value>com.model.CartItem</value>
				<value>com.model.Customer</value>
				<value>com.model.CustomerOrder</value>
				<value>com.model.ShippingAddress</value>
				<value>com.model.User</value>
				<value>com.model.Queries</value>
			</list>
		</property>

	</bean>

	<bean id="transactionManager"
		class="org.springframework.orm.hibernate4.HibernateTransactionManager">
		<property name="sessionFactory" ref="sessionFactory" />
	</bean>

	<!-- Spring - Security Purpose -->
	<security:http auto-config="true" use-expressions="true">
		<security:intercept-url pattern="/index/**"
			access="permitAll" />
		<security:intercept-url pattern="/index1/**"
			access="permitAll" />
		<security:intercept-url pattern="/login"
			access="permitAll" />
		<security:intercept-url pattern="/cart/**"
			access="permitAll" />
		<security:intercept-url pattern="/get*/**"
			access="hasAnyRole('ROLE_ADMIN','ROLE_USER')" />
		<security:intercept-url pattern="/admin*/**"
			access="hasRole('ROLE_ADMIN')" />
		<security:form-login login-page="/login"
			login-processing-url="/j_spring_security_check"
			username-parameter="j_username"
			password-parameter="j_password"
			authentication-failure-url="/login?error"
			default-target-url="/index1" />
		<security:logout logout-url="/logout" delete-cookies="JSESSIONID" logout-success-url="/login?logout" />
		<security:csrf disabled="true"/>
	</security:http>

	<security:authentication-manager>
		<security:authentication-provider>
			  <security:user-service>
			<security:user name="srasros1@gmail.com" password="testing"
			authorities="ROLE_USER" />
			<security:user name="shravya@gmail.com" password="checking"
			authorities="ROLE_ADMIN" />
			</security:user-service> 

			 <security:jdbc-user-service
				data-source-ref="dataSource"
				authorities-by-username-query="SELECT 
				emailId,authorities FROM authorities WHERE emailId =?"
				users-by-username-query="SELECT 
				emailId, password, enabled FROM users WHERE emailId=? " />
				
		</security:authentication-provider>

	</security:authentication-manager>

	<webflow-config:flow-executor id="flowExecutor"
		flow-registry="flowRegistry">
	</webflow-config:flow-executor>
	
	<webflow-config:flow-registry id="flowRegistry"
		base-path="/WEB-INF/flow">
	<webflow-config:flow-location path="/checkout/checkout-flow.xml"
			id="checkout"></webflow-config:flow-location>
	</webflow-config:flow-registry>
	<bean id="flowHandleMapping"
		class="org.springframework.webflow.mvc.servlet.FlowHandlerMapping">
		<property name="flowRegistry" ref="flowRegistry"></property>
	</bean>
	<bean id="flowHandlerAdapter" class="org.springframework.webflow.mvc.servlet.FlowHandlerAdapter">
	<property name="flowExecutor" ref="flowExecutor"></property>
	</bean>
	
</beans>